,Unnamed: 0,Unnamed: 0.1,Unnamed: 0.1.1,Unnamed: 0.1.1.1,Unnamed: 0.1.1.1.1,Unnamed: 0.1.1.1.1.1,Unnamed: 0.1.1.1.1.1.1,Unnamed: 0.1.1.1.1.1.1.1,Unnamed: 0.1.1.1.1.1.1.1.1,productmodelid,productdescriptionid,cultureid,modifieddate
0,0,0,0,0,0,0,0,0,0,1,1199,en,2013-04-30 00:00:00
1,1,1,1,1,1,1,1,1,1,1,1467,ar,2013-04-30 00:00:00
2,2,2,2,2,2,2,2,2,2,1,1589,fr,2013-04-30 00:00:00
3,3,3,3,3,3,3,3,3,3,1,1712,th,2013-04-30 00:00:00
4,4,4,4,4,4,4,4,4,4,1,1838,he,2013-04-30 00:00:00
5,5,5,5,5,5,5,5,5,5,1,1965,zh-cht,2013-04-30 00:00:00
6,6,6,6,6,6,6,6,6,6,2,1210,en,2013-04-30 00:00:00
7,7,7,7,7,7,7,7,7,7,2,1476,ar,2013-04-30 00:00:00
8,8,8,8,8,8,8,8,8,8,2,1598,fr,2013-04-30 00:00:00
9,9,9,9,9,9,9,9,9,9,2,1721,th,2013-04-30 00:00:00
10,10,10,10,10,10,10,10,10,10,2,1847,he,2013-04-30 00:00:00
11,11,11,11,11,11,11,11,11,11,2,1974,zh-cht,2013-04-30 00:00:00
12,12,12,12,12,12,12,12,12,12,3,1195,en,2013-04-30 00:00:00
13,13,13,13,13,13,13,13,13,13,3,1464,ar,2013-04-30 00:00:00
14,14,14,14,14,14,14,14,14,14,3,1586,fr,2013-04-30 00:00:00
15,15,15,15,15,15,15,15,15,15,3,1709,th,2013-04-30 00:00:00
16,16,16,16,16,16,16,16,16,16,3,1835,he,2013-04-30 00:00:00
17,17,17,17,17,17,17,17,17,17,3,1961,zh-cht,2013-04-30 00:00:00
18,18,18,18,18,18,18,18,18,18,4,1194,en,2013-04-30 00:00:00
19,19,19,19,19,19,19,19,19,19,4,1463,ar,2013-04-30 00:00:00
20,20,20,20,20,20,20,20,20,20,4,1585,fr,2013-04-30 00:00:00
21,21,21,21,21,21,21,21,21,21,4,1708,th,2013-04-30 00:00:00
22,22,22,22,22,22,22,22,22,22,4,1834,he,2013-04-30 00:00:00
23,23,23,23,23,23,23,23,23,23,4,1960,zh-cht,2013-04-30 00:00:00
24,24,24,24,24,24,24,24,24,24,5,647,en,2013-04-30 00:00:00
25,25,25,25,25,25,25,25,25,25,5,1400,ar,2013-04-30 00:00:00
26,26,26,26,26,26,26,26,26,26,5,1605,fr,2013-04-30 00:00:00
27,27,27,27,27,27,27,27,27,27,5,1639,th,2013-04-30 00:00:00
28,28,28,28,28,28,28,28,28,28,5,1768,he,2013-04-30 00:00:00
29,29,29,29,29,29,29,29,29,29,5,1889,zh-cht,2013-04-30 00:00:00
30,30,30,30,30,30,30,30,30,30,6,1090,en,2013-04-30 00:00:00
31,31,31,31,31,31,31,31,31,31,6,1451,ar,2013-04-30 00:00:00
32,32,32,32,32,32,32,32,32,32,6,1573,fr,2013-04-30 00:00:00
33,33,33,33,33,33,33,33,33,33,6,1696,th,2013-04-30 00:00:00
34,34,34,34,34,34,34,34,34,34,6,1827,he,2013-04-30 00:00:00
35,35,35,35,35,35,35,35,35,35,6,1948,zh-cht,2013-04-30 00:00:00
36,36,36,36,36,36,36,36,36,36,7,1182,en,2013-04-30 00:00:00
37,37,37,37,37,37,37,37,37,37,7,1453,ar,2013-04-30 00:00:00
38,38,38,38,38,38,38,38,38,38,7,1575,fr,2013-04-30 00:00:00
39,39,39,39,39,39,39,39,39,39,7,1698,th,2013-04-30 00:00:00
40,40,40,40,40,40,40,40,40,40,7,1829,he,2013-04-30 00:00:00
41,41,41,41,41,41,41,41,41,41,7,1950,zh-cht,2013-04-30 00:00:00
42,42,42,42,42,42,42,42,42,42,8,637,en,2013-04-30 00:00:00
43,43,43,43,43,43,43,43,43,43,8,1397,ar,2013-04-30 00:00:00
44,44,44,44,44,44,44,44,44,44,8,1514,fr,2013-04-30 00:00:00
45,45,45,45,45,45,45,45,45,45,8,1636,th,2013-04-30 00:00:00
46,46,46,46,46,46,46,46,46,46,8,1759,he,2013-04-30 00:00:00
47,47,47,47,47,47,47,47,47,47,8,1886,zh-cht,2013-04-30 00:00:00
48,48,48,48,48,48,48,48,48,48,9,1020,en,2013-04-30 00:00:00
49,49,49,49,49,49,49,49,49,49,9,1449,ar,2013-04-30 00:00:00
50,50,50,50,50,50,50,50,50,50,9,1571,fr,2013-04-30 00:00:00
51,51,51,51,51,51,51,51,51,51,9,1694,th,2013-04-30 00:00:00
52,52,52,52,52,52,52,52,52,52,9,1825,he,2013-04-30 00:00:00
53,53,53,53,53,53,53,53,53,53,9,1946,zh-cht,2013-04-30 00:00:00
54,54,54,54,54,54,54,54,54,54,10,1146,en,2013-04-30 00:00:00
55,55,55,55,55,55,55,55,55,55,10,1452,ar,2013-04-30 00:00:00
56,56,56,56,56,56,56,56,56,56,10,1574,fr,2013-04-30 00:00:00
57,57,57,57,57,57,57,57,57,57,10,1697,th,2013-04-30 00:00:00
58,58,58,58,58,58,58,58,58,58,10,1828,he,2013-04-30 00:00:00
59,59,59,59,59,59,59,59,59,59,10,1949,zh-cht,2013-04-30 00:00:00
60,60,60,60,60,60,60,60,60,60,11,1211,en,2013-04-30 00:00:00
61,61,61,61,61,61,61,61,61,61,11,1477,ar,2013-04-30 00:00:00
62,62,62,62,62,62,62,62,62,62,11,1599,fr,2013-04-30 00:00:00
63,63,63,63,63,63,63,63,63,63,11,1722,th,2013-04-30 00:00:00
64,64,64,64,64,64,64,64,64,64,11,1848,he,2013-04-30 00:00:00
65,65,65,65,65,65,65,65,65,65,11,1975,zh-cht,2013-04-30 00:00:00
66,66,66,66,66,66,66,66,66,66,12,1192,en,2013-04-30 00:00:00
67,67,67,67,67,67,67,67,67,67,12,1461,ar,2013-04-30 00:00:00
68,68,68,68,68,68,68,68,68,68,12,1583,fr,2013-04-30 00:00:00
69,69,69,69,69,69,69,69,69,69,12,1706,th,2013-04-30 00:00:00
70,70,70,70,70,70,70,70,70,70,12,1832,he,2013-04-30 00:00:00
71,71,71,71,71,71,71,71,71,71,12,1958,zh-cht,2013-04-30 00:00:00
72,72,72,72,72,72,72,72,72,72,13,1200,en,2013-04-30 00:00:00
73,73,73,73,73,73,73,73,73,73,13,1468,ar,2013-04-30 00:00:00
74,74,74,74,74,74,74,74,74,74,13,1590,fr,2013-04-30 00:00:00
75,75,75,75,75,75,75,75,75,75,13,1713,th,2013-04-30 00:00:00
76,76,76,76,76,76,76,76,76,76,13,1839,he,2013-04-30 00:00:00
77,77,77,77,77,77,77,77,77,77,13,1966,zh-cht,2013-04-30 00:00:00
78,78,78,78,78,78,78,78,78,78,14,644,en,2013-04-30 00:00:00
79,79,79,79,79,79,79,79,79,79,14,1399,ar,2013-04-30 00:00:00
80,80,80,80,80,80,80,80,80,80,14,1516,fr,2013-04-30 00:00:00
81,81,81,81,81,81,81,81,81,81,14,1638,th,2013-04-30 00:00:00
82,82,82,82,82,82,82,82,82,82,14,1761,he,2013-04-30 00:00:00
83,83,83,83,83,83,83,83,83,83,14,1888,zh-cht,2013-04-30 00:00:00
84,84,84,84,84,84,84,84,84,84,15,642,en,2013-04-30 00:00:00
85,85,85,85,85,85,85,85,85,85,15,1398,ar,2013-04-30 00:00:00
86,86,86,86,86,86,86,86,86,86,15,1515,fr,2013-04-30 00:00:00
87,87,87,87,87,87,87,87,87,87,15,1637,th,2013-04-30 00:00:00
88,88,88,88,88,88,88,88,88,88,15,1760,he,2013-04-30 00:00:00
89,89,89,89,89,89,89,89,89,89,15,1887,zh-cht,2013-04-30 00:00:00
90,90,90,90,90,90,90,90,90,90,16,1062,en,2013-04-30 00:00:00
91,91,91,91,91,91,91,91,91,91,16,1450,ar,2013-04-30 00:00:00
92,92,92,92,92,92,92,92,92,92,16,1572,fr,2013-04-30 00:00:00
93,93,93,93,93,93,93,93,93,93,16,1695,th,2013-04-30 00:00:00
94,94,94,94,94,94,94,94,94,94,16,1826,he,2013-04-30 00:00:00
95,95,95,95,95,95,95,95,95,95,16,1947,zh-cht,2013-04-30 00:00:00
96,96,96,96,96,96,96,96,96,96,17,661,en,2013-04-30 00:00:00
97,97,97,97,97,97,97,97,97,97,17,1401,ar,2013-04-30 00:00:00
98,98,98,98,98,98,98,98,98,98,17,1517,fr,2013-04-30 00:00:00
99,99,99,99,99,99,99,99,99,99,17,1640,th,2013-04-30 00:00:00
100,100,100,100,100,100,100,100,100,100,17,1770,he,2013-04-30 00:00:00
101,101,101,101,101,101,101,101,101,101,17,1890,zh-cht,2013-04-30 00:00:00
102,102,102,102,102,102,102,102,102,102,18,1189,en,2013-04-30 00:00:00
103,103,103,103,103,103,103,103,103,103,18,1459,ar,2013-04-30 00:00:00
104,104,104,104,104,104,104,104,104,104,18,1581,fr,2013-04-30 00:00:00
105,105,105,105,105,105,105,105,105,105,18,1704,th,2013-04-30 00:00:00
106,106,106,106,106,106,106,106,106,106,18,1830,he,2013-04-30 00:00:00
107,107,107,107,107,107,107,107,107,107,18,1956,zh-cht,2013-04-30 00:00:00
108,108,108,108,108,108,108,108,108,108,19,168,en,2013-04-30 00:00:00
109,109,109,109,109,109,109,109,109,109,19,1367,ar,2013-04-30 00:00:00
110,110,110,110,110,110,110,110,110,110,19,1491,fr,2013-04-30 00:00:00
111,111,111,111,111,111,111,111,111,111,19,1613,th,2013-04-30 00:00:00
112,112,112,112,112,112,112,112,112,112,19,1735,he,2013-04-30 00:00:00
113,113,113,113,113,113,113,113,113,113,19,1862,zh-cht,2013-04-30 00:00:00
114,114,114,114,114,114,114,114,114,114,20,128,en,2013-04-30 00:00:00
115,115,115,115,115,115,115,115,115,115,20,1366,ar,2013-04-30 00:00:00
116,116,116,116,116,116,116,116,116,116,20,1490,fr,2013-04-30 00:00:00
117,117,117,117,117,117,117,117,117,117,20,1612,th,2013-04-30 00:00:00
118,118,118,118,118,118,118,118,118,118,20,1734,he,2013-04-30 00:00:00
119,119,119,119,119,119,119,119,119,119,20,1861,zh-cht,2013-04-30 00:00:00
120,120,120,120,120,120,120,120,120,120,21,88,en,2013-04-30 00:00:00
121,121,121,121,121,121,121,121,121,121,21,1365,ar,2013-04-30 00:00:00
122,122,122,122,122,122,122,122,122,122,21,1489,fr,2013-04-30 00:00:00
123,123,123,123,123,123,123,123,123,123,21,1611,th,2013-04-30 00:00:00
124,124,124,124,124,124,124,124,124,124,21,1733,he,2013-04-30 00:00:00
125,125,125,125,125,125,125,125,125,125,21,1860,zh-cht,2013-04-30 00:00:00
126,126,126,126,126,126,126,126,126,126,22,64,en,2013-04-30 00:00:00
127,127,127,127,127,127,127,127,127,127,22,1364,ar,2013-04-30 00:00:00
128,128,128,128,128,128,128,128,128,128,22,1488,fr,2013-04-30 00:00:00
129,129,129,129,129,129,129,129,129,129,22,1610,th,2013-04-30 00:00:00
130,130,130,130,130,130,130,130,130,130,22,1732,he,2013-04-30 00:00:00
131,131,131,131,131,131,131,131,131,131,22,1859,zh-cht,2013-04-30 00:00:00
132,132,132,132,132,132,132,132,132,132,23,8,en,2013-04-30 00:00:00
133,133,133,133,133,133,133,133,133,133,23,1363,ar,2013-04-30 00:00:00
134,134,134,134,134,134,134,134,134,134,23,1487,fr,2013-04-30 00:00:00
135,135,135,135,135,135,135,135,135,135,23,1609,th,2013-04-30 00:00:00
136,136,136,136,136,136,136,136,136,136,23,1731,he,2013-04-30 00:00:00
137,137,137,137,137,137,137,137,137,137,23,1858,zh-cht,2013-04-30 00:00:00
138,138,138,138,138,138,138,138,138,138,24,1208,en,2013-04-30 00:00:00
139,139,139,139,139,139,139,139,139,139,24,1474,ar,2013-04-30 00:00:00
140,140,140,140,140,140,140,140,140,140,24,1596,fr,2013-04-30 00:00:00
141,141,141,141,141,141,141,141,141,141,24,1719,th,2013-04-30 00:00:00
142,142,142,142,142,142,142,142,142,142,24,1845,he,2013-04-30 00:00:00
143,143,143,143,143,143,143,143,143,143,24,1972,zh-cht,2013-04-30 00:00:00
144,144,144,144,144,144,144,144,144,144,25,457,en,2013-04-30 00:00:00
145,145,145,145,145,145,145,145,145,145,25,1377,ar,2013-04-30 00:00:00
146,146,146,146,146,146,146,146,146,146,25,1501,fr,2013-04-30 00:00:00
147,147,147,147,147,147,147,147,147,147,25,1623,th,2013-04-30 00:00:00
148,148,148,148,148,148,148,148,148,148,25,1745,he,2013-04-30 00:00:00
149,149,149,149,149,149,149,149,149,149,25,1872,zh-cht,2013-04-30 00:00:00
150,150,150,150,150,150,150,150,150,150,26,409,en,2013-04-30 00:00:00
151,151,151,151,151,151,151,151,151,151,26,1376,ar,2013-04-30 00:00:00
152,152,152,152,152,152,152,152,152,152,26,1500,fr,2013-04-30 00:00:00
153,153,153,153,153,153,153,153,153,153,26,1622,th,2013-04-30 00:00:00
154,154,154,154,154,154,154,154,154,154,26,1744,he,2013-04-30 00:00:00
155,155,155,155,155,155,155,155,155,155,26,1871,zh-cht,2013-04-30 00:00:00
156,156,156,156,156,156,156,156,156,156,27,376,en,2013-04-30 00:00:00
157,157,157,157,157,157,157,157,157,157,27,1375,ar,2013-04-30 00:00:00
158,158,158,158,158,158,158,158,158,158,27,1499,fr,2013-04-30 00:00:00
159,159,159,159,159,159,159,159,159,159,27,1621,th,2013-04-30 00:00:00
160,160,160,160,160,160,160,160,160,160,27,1743,he,2013-04-30 00:00:00
161,161,161,161,161,161,161,161,161,161,27,1870,zh-cht,2013-04-30 00:00:00
162,162,162,162,162,162,162,162,162,162,28,337,en,2013-04-30 00:00:00
163,163,163,163,163,163,163,163,163,163,28,1373,ar,2013-04-30 00:00:00
164,164,164,164,164,164,164,164,164,164,28,1497,fr,2013-04-30 00:00:00
165,165,165,165,165,165,165,165,165,165,28,1619,th,2013-04-30 00:00:00
166,166,166,166,166,166,166,166,166,166,28,1741,he,2013-04-30 00:00:00
167,167,167,167,167,167,167,167,167,167,28,1868,zh-cht,2013-04-30 00:00:00
168,168,168,168,168,168,168,168,168,168,29,320,en,2013-04-30 00:00:00
169,169,169,169,169,169,169,169,169,169,29,1371,ar,2013-04-30 00:00:00
170,170,170,170,170,170,170,170,170,170,29,1495,fr,2013-04-30 00:00:00
171,171,171,171,171,171,171,171,171,171,29,1617,th,2013-04-30 00:00:00
172,172,172,172,172,172,172,172,172,172,29,1739,he,2013-04-30 00:00:00
173,173,173,173,173,173,173,173,173,173,29,1866,zh-cht,2013-04-30 00:00:00
174,174,174,174,174,174,174,174,174,174,30,249,en,2013-04-30 00:00:00
175,175,175,175,175,175,175,175,175,175,30,1370,ar,2013-04-30 00:00:00
176,176,176,176,176,176,176,176,176,176,30,1494,fr,2013-04-30 00:00:00
177,177,177,177,177,177,177,177,177,177,30,1616,th,2013-04-30 00:00:00
178,178,178,178,178,178,178,178,178,178,30,1738,he,2013-04-30 00:00:00
179,179,179,179,179,179,179,179,179,179,30,1865,zh-cht,2013-04-30 00:00:00
180,180,180,180,180,180,180,180,180,180,31,209,en,2013-04-30 00:00:00
181,181,181,181,181,181,181,181,181,181,31,1369,ar,2013-04-30 00:00:00
182,182,182,182,182,182,182,182,182,182,31,1493,fr,2013-04-30 00:00:00
183,183,183,183,183,183,183,183,183,183,31,1615,th,2013-04-30 00:00:00
184,184,184,184,184,184,184,184,184,184,31,1737,he,2013-04-30 00:00:00
185,185,185,185,185,185,185,185,185,185,31,1864,zh-cht,2013-04-30 00:00:00
186,186,186,186,186,186,186,186,186,186,32,1205,en,2013-04-30 00:00:00
187,187,187,187,187,187,187,187,187,187,32,1472,ar,2013-04-30 00:00:00
188,188,188,188,188,188,188,188,188,188,32,1594,fr,2013-04-30 00:00:00
189,189,189,189,189,189,189,189,189,189,32,1717,th,2013-04-30 00:00:00
190,190,190,190,190,190,190,190,190,190,32,1843,he,2013-04-30 00:00:00
191,191,191,191,191,191,191,191,191,191,32,1970,zh-cht,2013-04-30 00:00:00
192,192,192,192,192,192,192,192,192,192,33,1212,en,2013-04-30 00:00:00
193,193,193,193,193,193,193,193,193,193,33,1478,ar,2013-04-30 00:00:00
194,194,194,194,194,194,194,194,194,194,33,1600,fr,2013-04-30 00:00:00
195,195,195,195,195,195,195,195,195,195,33,1723,th,2013-04-30 00:00:00
196,196,196,196,196,196,196,196,196,196,33,1850,he,2013-04-30 00:00:00
197,197,197,197,197,197,197,197,197,197,33,1976,zh-cht,2013-04-30 00:00:00
198,198,198,198,198,198,198,198,198,198,34,594,en,2013-04-30 00:00:00
199,199,199,199,199,199,199,199,199,199,34,1387,ar,2013-04-30 00:00:00
200,200,200,200,200,200,200,200,200,200,34,1504,fr,2013-04-30 00:00:00
201,201,201,201,201,201,201,201,201,201,34,1626,th,2013-04-30 00:00:00
202,202,202,202,202,202,202,202,202,202,34,1749,he,2013-04-30 00:00:00
203,203,203,203,203,203,203,203,203,203,34,1875,zh-cht,2013-04-30 00:00:00
204,204,204,204,204,204,204,204,204,204,35,554,en,2013-04-30 00:00:00
205,205,205,205,205,205,205,205,205,205,35,1379,ar,2013-04-30 00:00:00
206,206,206,206,206,206,206,206,206,206,35,1503,fr,2013-04-30 00:00:00
207,207,207,207,207,207,207,207,207,207,35,1625,th,2013-04-30 00:00:00
208,208,208,208,208,208,208,208,208,208,35,1748,he,2013-04-30 00:00:00
209,209,209,209,209,209,209,209,209,209,35,1874,zh-cht,2013-04-30 00:00:00
210,210,210,210,210,210,210,210,210,210,36,513,en,2013-04-30 00:00:00
211,211,211,211,211,211,211,211,211,211,36,1378,ar,2013-04-30 00:00:00
212,212,212,212,212,212,212,212,212,212,36,1502,fr,2013-04-30 00:00:00
213,213,213,213,213,213,213,213,213,213,36,1624,th,2013-04-30 00:00:00
214,214,214,214,214,214,214,214,214,214,36,1747,he,2013-04-30 00:00:00
215,215,215,215,215,215,215,215,215,215,36,1873,zh-cht,2013-04-30 00:00:00
216,216,216,216,216,216,216,216,216,216,37,1196,en,2013-04-30 00:00:00
217,217,217,217,217,217,217,217,217,217,37,1465,ar,2013-04-30 00:00:00
218,218,218,218,218,218,218,218,218,218,37,1587,fr,2013-04-30 00:00:00
219,219,219,219,219,219,219,219,219,219,37,1710,th,2013-04-30 00:00:00
220,220,220,220,220,220,220,220,220,220,37,1836,he,2013-04-30 00:00:00
221,221,221,221,221,221,221,221,221,221,37,1963,zh-cht,2013-04-30 00:00:00
222,222,222,222,222,222,222,222,222,222,38,1214,en,2013-04-30 00:00:00
223,223,223,223,223,223,223,223,223,223,38,1480,ar,2013-04-30 00:00:00
224,224,224,224,224,224,224,224,224,224,38,1602,fr,2013-04-30 00:00:00
225,225,225,225,225,225,225,225,225,225,38,1725,th,2013-04-30 00:00:00
226,226,226,226,226,226,226,226,226,226,38,1852,he,2013-04-30 00:00:00
227,227,227,227,227,227,227,227,227,227,38,1978,zh-cht,2013-04-30 00:00:00
228,228,228,228,228,228,228,228,228,228,39,170,en,2013-04-30 00:00:00
229,229,229,229,229,229,229,229,229,229,39,1368,ar,2013-04-30 00:00:00
230,230,230,230,230,230,230,230,230,230,39,1492,fr,2013-04-30 00:00:00
231,231,231,231,231,231,231,231,231,231,39,1614,th,2013-04-30 00:00:00
232,232,232,232,232,232,232,232,232,232,39,1736,he,2013-04-30 00:00:00
233,233,233,233,233,233,233,233,233,233,39,1863,zh-cht,2013-04-30 00:00:00
234,234,234,234,234,234,234,234,234,234,40,321,en,2013-04-30 00:00:00
235,235,235,235,235,235,235,235,235,235,40,1372,ar,2013-04-30 00:00:00
236,236,236,236,236,236,236,236,236,236,40,1496,fr,2013-04-30 00:00:00
237,237,237,237,237,237,237,237,237,237,40,1618,th,2013-04-30 00:00:00
238,238,238,238,238,238,238,238,238,238,40,1740,he,2013-04-30 00:00:00
239,239,239,239,239,239,239,239,239,239,40,1867,zh-cht,2013-04-30 00:00:00
240,240,240,240,240,240,240,240,240,240,41,375,en,2013-04-30 00:00:00
241,241,241,241,241,241,241,241,241,241,41,1374,ar,2013-04-30 00:00:00
242,242,242,242,242,242,242,242,242,242,41,1498,fr,2013-04-30 00:00:00
243,243,243,243,243,243,243,243,243,243,41,1620,th,2013-04-30 00:00:00
244,244,244,244,244,244,244,244,244,244,41,1742,he,2013-04-30 00:00:00
245,245,245,245,245,245,245,245,245,245,41,1869,zh-cht,2013-04-30 00:00:00
246,246,246,246,246,246,246,246,246,246,42,686,en,2013-04-30 00:00:00
247,247,247,247,247,247,247,247,247,247,42,1402,ar,2013-04-30 00:00:00
248,248,248,248,248,248,248,248,248,248,42,1518,fr,2013-04-30 00:00:00
249,249,249,249,249,249,249,249,249,249,42,1641,th,2013-04-30 00:00:00
250,250,250,250,250,250,250,250,250,250,42,1771,he,2013-04-30 00:00:00
251,251,251,251,251,251,251,251,251,251,42,1891,zh-cht,2013-04-30 00:00:00
252,252,252,252,252,252,252,252,252,252,43,873,en,2013-04-30 00:00:00
253,253,253,253,253,253,253,253,253,253,43,1385,ar,2013-04-30 00:00:00
254,254,254,254,254,254,254,254,254,254,43,1551,fr,2013-04-30 00:00:00
255,255,255,255,255,255,255,255,255,255,43,1674,th,2013-04-30 00:00:00
256,256,256,256,256,256,256,256,256,256,43,1805,he,2013-04-30 00:00:00
257,257,257,257,257,257,257,257,257,257,43,1926,zh-cht,2013-04-30 00:00:00
258,258,258,258,258,258,258,258,258,258,44,692,en,2013-04-30 00:00:00
259,259,259,259,259,259,259,259,259,259,44,1408,ar,2013-04-30 00:00:00
260,260,260,260,260,260,260,260,260,260,44,1524,fr,2013-04-30 00:00:00
261,261,261,261,261,261,261,261,261,261,44,1647,th,2013-04-30 00:00:00
262,262,262,262,262,262,262,262,262,262,44,1777,he,2013-04-30 00:00:00
263,263,263,263,263,263,263,263,263,263,44,1897,zh-cht,2013-04-30 00:00:00
264,264,264,264,264,264,264,264,264,264,45,687,en,2013-04-30 00:00:00
265,265,265,265,265,265,265,265,265,265,45,1403,ar,2013-04-30 00:00:00
266,266,266,266,266,266,266,266,266,266,45,1519,fr,2013-04-30 00:00:00
267,267,267,267,267,267,267,267,267,267,45,1642,th,2013-04-30 00:00:00
268,268,268,268,268,268,268,268,268,268,45,1772,he,2013-04-30 00:00:00
269,269,269,269,269,269,269,269,269,269,45,1892,zh-cht,2013-04-30 00:00:00
270,270,270,270,270,270,270,270,270,270,46,688,en,2013-04-30 00:00:00
271,271,271,271,271,271,271,271,271,271,46,1404,ar,2013-04-30 00:00:00
272,272,272,272,272,272,272,272,272,272,46,1520,fr,2013-04-30 00:00:00
273,273,273,273,273,273,273,273,273,273,46,1643,th,2013-04-30 00:00:00
274,274,274,274,274,274,274,274,274,274,46,1773,he,2013-04-30 00:00:00
275,275,275,275,275,275,275,275,275,275,46,1893,zh-cht,2013-04-30 00:00:00
276,276,276,276,276,276,276,276,276,276,47,703,en,2013-04-30 00:00:00
277,277,277,277,277,277,277,277,277,277,47,1415,ar,2013-04-30 00:00:00
278,278,278,278,278,278,278,278,278,278,47,1531,fr,2013-04-30 00:00:00
279,279,279,279,279,279,279,279,279,279,47,1654,th,2013-04-30 00:00:00
280,280,280,280,280,280,280,280,280,280,47,1784,he,2013-04-30 00:00:00
281,281,281,281,281,281,281,281,281,281,47,1905,zh-cht,2013-04-30 00:00:00
282,282,282,282,282,282,282,282,282,282,48,704,en,2013-04-30 00:00:00
283,283,283,283,283,283,283,283,283,283,48,1416,ar,2013-04-30 00:00:00
284,284,284,284,284,284,284,284,284,284,48,1532,fr,2013-04-30 00:00:00
285,285,285,285,285,285,285,285,285,285,48,1655,th,2013-04-30 00:00:00
286,286,286,286,286,286,286,286,286,286,48,1785,he,2013-04-30 00:00:00
287,287,287,287,287,287,287,287,287,287,48,1906,zh-cht,2013-04-30 00:00:00
288,288,288,288,288,288,288,288,288,288,49,689,en,2013-04-30 00:00:00
289,289,289,289,289,289,289,289,289,289,49,1405,ar,2013-04-30 00:00:00
290,290,290,290,290,290,290,290,290,290,49,1521,fr,2013-04-30 00:00:00
291,291,291,291,291,291,291,291,291,291,49,1644,th,2013-04-30 00:00:00
292,292,292,292,292,292,292,292,292,292,49,1774,he,2013-04-30 00:00:00
293,293,293,293,293,293,293,293,293,293,49,1894,zh-cht,2013-04-30 00:00:00
294,294,294,294,294,294,294,294,294,294,50,690,en,2013-04-30 00:00:00
295,295,295,295,295,295,295,295,295,295,50,1406,ar,2013-04-30 00:00:00
296,296,296,296,296,296,296,296,296,296,50,1522,fr,2013-04-30 00:00:00
297,297,297,297,297,297,297,297,297,297,50,1645,th,2013-04-30 00:00:00
298,298,298,298,298,298,298,298,298,298,50,1775,he,2013-04-30 00:00:00
299,299,299,299,299,299,299,299,299,299,50,1895,zh-cht,2013-04-30 00:00:00
300,300,300,300,300,300,300,300,300,300,51,691,en,2013-04-30 00:00:00
301,301,301,301,301,301,301,301,301,301,51,1407,ar,2013-04-30 00:00:00
302,302,302,302,302,302,302,302,302,302,51,1523,fr,2013-04-30 00:00:00
303,303,303,303,303,303,303,303,303,303,51,1646,th,2013-04-30 00:00:00
304,304,304,304,304,304,304,304,304,304,51,1776,he,2013-04-30 00:00:00
305,305,305,305,305,305,305,305,305,305,51,1896,zh-cht,2013-04-30 00:00:00
306,306,306,306,306,306,306,306,306,306,52,697,en,2013-04-30 00:00:00
307,307,307,307,307,307,307,307,307,307,52,1409,ar,2013-04-30 00:00:00
308,308,308,308,308,308,308,308,308,308,52,1525,fr,2013-04-30 00:00:00
309,309,309,309,309,309,309,309,309,309,52,1648,th,2013-04-30 00:00:00
310,310,310,310,310,310,310,310,310,310,52,1778,he,2013-04-30 00:00:00
311,311,311,311,311,311,311,311,311,311,52,1898,zh-cht,2013-04-30 00:00:00
312,312,312,312,312,312,312,312,312,312,53,853,en,2013-04-30 00:00:00
313,313,313,313,313,313,313,313,313,313,53,1426,ar,2013-04-30 00:00:00
314,314,314,314,314,314,314,314,314,314,53,1542,fr,2013-04-30 00:00:00
315,315,315,315,315,315,315,315,315,315,53,1665,th,2013-04-30 00:00:00
316,316,316,316,316,316,316,316,316,316,53,1795,he,2013-04-30 00:00:00
317,317,317,317,317,317,317,317,317,317,53,1916,zh-cht,2013-04-30 00:00:00
318,318,318,318,318,318,318,318,318,318,54,698,en,2013-04-30 00:00:00
319,319,319,319,319,319,319,319,319,319,54,1410,ar,2013-04-30 00:00:00
320,320,320,320,320,320,320,320,320,320,54,1526,fr,2013-04-30 00:00:00
321,321,321,321,321,321,321,321,321,321,54,1649,th,2013-04-30 00:00:00
322,322,322,322,322,322,322,322,322,322,54,1779,he,2013-04-30 00:00:00
323,323,323,323,323,323,323,323,323,323,54,1899,zh-cht,2013-04-30 00:00:00
324,324,324,324,324,324,324,324,324,324,55,699,en,2013-04-30 00:00:00
325,325,325,325,325,325,325,325,325,325,55,1411,ar,2013-04-30 00:00:00
326,326,326,326,326,326,326,326,326,326,55,1527,fr,2013-04-30 00:00:00
327,327,327,327,327,327,327,327,327,327,55,1650,th,2013-04-30 00:00:00
328,328,328,328,328,328,328,328,328,328,55,1780,he,2013-04-30 00:00:00
329,329,329,329,329,329,329,329,329,329,55,1900,zh-cht,2013-04-30 00:00:00
330,330,330,330,330,330,330,330,330,330,56,700,en,2013-04-30 00:00:00
331,331,331,331,331,331,331,331,331,331,56,1412,ar,2013-04-30 00:00:00
332,332,332,332,332,332,332,332,332,332,56,1528,fr,2013-04-30 00:00:00
333,333,333,333,333,333,333,333,333,333,56,1651,th,2013-04-30 00:00:00
334,334,334,334,334,334,334,334,334,334,56,1781,he,2013-04-30 00:00:00
335,335,335,335,335,335,335,335,335,335,56,1901,zh-cht,2013-04-30 00:00:00
336,336,336,336,336,336,336,336,336,336,57,701,en,2013-04-30 00:00:00
337,337,337,337,337,337,337,337,337,337,57,1413,ar,2013-04-30 00:00:00
338,338,338,338,338,338,338,338,338,338,57,1529,fr,2013-04-30 00:00:00
339,339,339,339,339,339,339,339,339,339,57,1652,th,2013-04-30 00:00:00
340,340,340,340,340,340,340,340,340,340,57,1782,he,2013-04-30 00:00:00
341,341,341,341,341,341,341,341,341,341,57,1903,zh-cht,2013-04-30 00:00:00
342,342,342,342,342,342,342,342,342,342,58,702,en,2013-04-30 00:00:00
343,343,343,343,343,343,343,343,343,343,58,1414,ar,2013-04-30 00:00:00
344,344,344,344,344,344,344,344,344,344,58,1530,fr,2013-04-30 00:00:00
345,345,345,345,345,345,345,345,345,345,58,1653,th,2013-04-30 00:00:00
346,346,346,346,346,346,346,346,346,346,58,1783,he,2013-04-30 00:00:00
347,347,347,347,347,347,347,347,347,347,58,1904,zh-cht,2013-04-30 00:00:00
348,348,348,348,348,348,348,348,348,348,59,744,en,2013-04-30 00:00:00
349,349,349,349,349,349,349,349,349,349,59,1417,ar,2013-04-30 00:00:00
350,350,350,350,350,350,350,350,350,350,59,1533,fr,2013-04-30 00:00:00
351,351,351,351,351,351,351,351,351,351,59,1656,th,2013-04-30 00:00:00
352,352,352,352,352,352,352,352,352,352,59,1786,he,2013-04-30 00:00:00
353,353,353,353,353,353,353,353,353,353,59,1907,zh-cht,2013-04-30 00:00:00
354,354,354,354,354,354,354,354,354,354,60,745,en,2013-04-30 00:00:00
355,355,355,355,355,355,355,355,355,355,60,1418,ar,2013-04-30 00:00:00
356,356,356,356,356,356,356,356,356,356,60,1534,fr,2013-04-30 00:00:00
357,357,357,357,357,357,357,357,357,357,60,1657,th,2013-04-30 00:00:00
358,358,358,358,358,358,358,358,358,358,60,1787,he,2013-04-30 00:00:00
359,359,359,359,359,359,359,359,359,359,60,1908,zh-cht,2013-04-30 00:00:00
360,360,360,360,360,360,360,360,360,360,61,746,en,2013-04-30 00:00:00
361,361,361,361,361,361,361,361,361,361,61,1419,ar,2013-04-30 00:00:00
362,362,362,362,362,362,362,362,362,362,61,1535,fr,2013-04-30 00:00:00
363,363,363,363,363,363,363,363,363,363,61,1658,th,2013-04-30 00:00:00
364,364,364,364,364,364,364,364,364,364,61,1788,he,2013-04-30 00:00:00
365,365,365,365,365,365,365,365,365,365,61,1909,zh-cht,2013-04-30 00:00:00
366,366,366,366,366,366,366,366,366,366,62,847,en,2013-04-30 00:00:00
367,367,367,367,367,367,367,367,367,367,62,1420,ar,2013-04-30 00:00:00
368,368,368,368,368,368,368,368,368,368,62,1536,fr,2013-04-30 00:00:00
369,369,369,369,369,369,369,369,369,369,62,1659,th,2013-04-30 00:00:00
370,370,370,370,370,370,370,370,370,370,62,1789,he,2013-04-30 00:00:00
371,371,371,371,371,371,371,371,371,371,62,1910,zh-cht,2013-04-30 00:00:00
372,372,372,372,372,372,372,372,372,372,63,848,en,2013-04-30 00:00:00
373,373,373,373,373,373,373,373,373,373,63,1421,ar,2013-04-30 00:00:00
374,374,374,374,374,374,374,374,374,374,63,1537,fr,2013-04-30 00:00:00
375,375,375,375,375,375,375,375,375,375,63,1660,th,2013-04-30 00:00:00
376,376,376,376,376,376,376,376,376,376,63,1790,he,2013-04-30 00:00:00
377,377,377,377,377,377,377,377,377,377,63,1911,zh-cht,2013-04-30 00:00:00
378,378,378,378,378,378,378,378,378,378,64,849,en,2013-04-30 00:00:00
379,379,379,379,379,379,379,379,379,379,64,1422,ar,2013-04-30 00:00:00
380,380,380,380,380,380,380,380,380,380,64,1538,fr,2013-04-30 00:00:00
381,381,381,381,381,381,381,381,381,381,64,1661,th,2013-04-30 00:00:00
382,382,382,382,382,382,382,382,382,382,64,1791,he,2013-04-30 00:00:00
383,383,383,383,383,383,383,383,383,383,64,1912,zh-cht,2013-04-30 00:00:00
384,384,384,384,384,384,384,384,384,384,65,892,en,2013-04-30 00:00:00
385,385,385,385,385,385,385,385,385,385,65,1437,ar,2013-04-30 00:00:00
386,386,386,386,386,386,386,386,386,386,65,1559,fr,2013-04-30 00:00:00
387,387,387,387,387,387,387,387,387,387,65,1682,th,2013-04-30 00:00:00
388,388,388,388,388,388,388,388,388,388,65,1813,he,2013-04-30 00:00:00
389,389,389,389,389,389,389,389,389,389,65,1934,zh-cht,2013-04-30 00:00:00
390,390,390,390,390,390,390,390,390,390,66,891,en,2013-04-30 00:00:00
391,391,391,391,391,391,391,391,391,391,66,1436,ar,2013-04-30 00:00:00
392,392,392,392,392,392,392,392,392,392,66,1558,fr,2013-04-30 00:00:00
393,393,393,393,393,393,393,393,393,393,66,1681,th,2013-04-30 00:00:00
394,394,394,394,394,394,394,394,394,394,66,1812,he,2013-04-30 00:00:00
395,395,395,395,395,395,395,395,395,395,66,1933,zh-cht,2013-04-30 00:00:00
396,396,396,396,396,396,396,396,396,396,67,893,en,2013-04-30 00:00:00
397,397,397,397,397,397,397,397,397,397,67,1438,ar,2013-04-30 00:00:00
398,398,398,398,398,398,398,398,398,398,67,1560,fr,2013-04-30 00:00:00
399,399,399,399,399,399,399,399,399,399,67,1683,th,2013-04-30 00:00:00
400,400,400,400,400,400,400,400,400,400,67,1814,he,2013-04-30 00:00:00
401,401,401,401,401,401,401,401,401,401,67,1935,zh-cht,2013-04-30 00:00:00
402,402,402,402,402,402,402,402,402,402,68,850,en,2013-04-30 00:00:00
403,403,403,403,403,403,403,403,403,403,68,1423,ar,2013-04-30 00:00:00
404,404,404,404,404,404,404,404,404,404,68,1539,fr,2013-04-30 00:00:00
405,405,405,405,405,405,405,405,405,405,68,1662,th,2013-04-30 00:00:00
406,406,406,406,406,406,406,406,406,406,68,1792,he,2013-04-30 00:00:00
407,407,407,407,407,407,407,407,407,407,68,1913,zh-cht,2013-04-30 00:00:00
408,408,408,408,408,408,408,408,408,408,69,851,en,2013-04-30 00:00:00
409,409,409,409,409,409,409,409,409,409,69,1424,ar,2013-04-30 00:00:00
410,410,410,410,410,410,410,410,410,410,69,1540,fr,2013-04-30 00:00:00
411,411,411,411,411,411,411,411,411,411,69,1663,th,2013-04-30 00:00:00
412,412,412,412,412,412,412,412,412,412,69,1793,he,2013-04-30 00:00:00
413,413,413,413,413,413,413,413,413,413,69,1914,zh-cht,2013-04-30 00:00:00
414,414,414,414,414,414,414,414,414,414,70,852,en,2013-04-30 00:00:00
415,415,415,415,415,415,415,415,415,415,70,1425,ar,2013-04-30 00:00:00
416,416,416,416,416,416,416,416,416,416,70,1541,fr,2013-04-30 00:00:00
417,417,417,417,417,417,417,417,417,417,70,1664,th,2013-04-30 00:00:00
418,418,418,418,418,418,418,418,418,418,70,1794,he,2013-04-30 00:00:00
419,419,419,419,419,419,419,419,419,419,70,1915,zh-cht,2013-04-30 00:00:00
420,420,420,420,420,420,420,420,420,420,71,856,en,2013-04-30 00:00:00
421,421,421,421,421,421,421,421,421,421,71,1427,ar,2013-04-30 00:00:00
422,422,422,422,422,422,422,422,422,422,71,1543,fr,2013-04-30 00:00:00
423,423,423,423,423,423,423,423,423,423,71,1666,th,2013-04-30 00:00:00
424,424,424,424,424,424,424,424,424,424,71,1796,he,2013-04-30 00:00:00
425,425,425,425,425,425,425,425,425,425,71,1918,zh-cht,2013-04-30 00:00:00
426,426,426,426,426,426,426,426,426,426,72,858,en,2013-04-30 00:00:00
427,427,427,427,427,427,427,427,427,427,72,1429,ar,2013-04-30 00:00:00
428,428,428,428,428,428,428,428,428,428,72,1544,fr,2013-04-30 00:00:00
429,429,429,429,429,429,429,429,429,429,72,1667,th,2013-04-30 00:00:00
430,430,430,430,430,430,430,430,430,430,72,1797,he,2013-04-30 00:00:00
431,431,431,431,431,431,431,431,431,431,72,1919,zh-cht,2013-04-30 00:00:00
432,432,432,432,432,432,432,432,432,432,73,867,en,2013-04-30 00:00:00
433,433,433,433,433,433,433,433,433,433,73,1430,ar,2013-04-30 00:00:00
434,434,434,434,434,434,434,434,434,434,73,1545,fr,2013-04-30 00:00:00
435,435,435,435,435,435,435,435,435,435,73,1668,th,2013-04-30 00:00:00
436,436,436,436,436,436,436,436,436,436,73,1799,he,2013-04-30 00:00:00
437,437,437,437,437,437,437,437,437,437,73,1920,zh-cht,2013-04-30 00:00:00
438,438,438,438,438,438,438,438,438,438,74,868,en,2013-04-30 00:00:00
439,439,439,439,439,439,439,439,439,439,74,1380,ar,2013-04-30 00:00:00
440,440,440,440,440,440,440,440,440,440,74,1546,fr,2013-04-30 00:00:00
441,441,441,441,441,441,441,441,441,441,74,1669,th,2013-04-30 00:00:00
442,442,442,442,442,442,442,442,442,442,74,1800,he,2013-04-30 00:00:00
443,443,443,443,443,443,443,443,443,443,74,1921,zh-cht,2013-04-30 00:00:00
444,444,444,444,444,444,444,444,444,444,75,869,en,2013-04-30 00:00:00
445,445,445,445,445,445,445,445,445,445,75,1381,ar,2013-04-30 00:00:00
446,446,446,446,446,446,446,446,446,446,75,1547,fr,2013-04-30 00:00:00
447,447,447,447,447,447,447,447,447,447,75,1670,th,2013-04-30 00:00:00
448,448,448,448,448,448,448,448,448,448,75,1801,he,2013-04-30 00:00:00
449,449,449,449,449,449,449,449,449,449,75,1922,zh-cht,2013-04-30 00:00:00
450,450,450,450,450,450,450,450,450,450,76,870,en,2013-04-30 00:00:00
451,451,451,451,451,451,451,451,451,451,76,1382,ar,2013-04-30 00:00:00
452,452,452,452,452,452,452,452,452,452,76,1548,fr,2013-04-30 00:00:00
453,453,453,453,453,453,453,453,453,453,76,1671,th,2013-04-30 00:00:00
454,454,454,454,454,454,454,454,454,454,76,1802,he,2013-04-30 00:00:00
455,455,455,455,455,455,455,455,455,455,76,1923,zh-cht,2013-04-30 00:00:00
456,456,456,456,456,456,456,456,456,456,77,871,en,2013-04-30 00:00:00
457,457,457,457,457,457,457,457,457,457,77,1383,ar,2013-04-30 00:00:00
458,458,458,458,458,458,458,458,458,458,77,1549,fr,2013-04-30 00:00:00
459,459,459,459,459,459,459,459,459,459,77,1672,th,2013-04-30 00:00:00
460,460,460,460,460,460,460,460,460,460,77,1803,he,2013-04-30 00:00:00
461,461,461,461,461,461,461,461,461,461,77,1924,zh-cht,2013-04-30 00:00:00
462,462,462,462,462,462,462,462,462,462,78,872,en,2013-04-30 00:00:00
463,463,463,463,463,463,463,463,463,463,78,1384,ar,2013-04-30 00:00:00
464,464,464,464,464,464,464,464,464,464,78,1550,fr,2013-04-30 00:00:00
465,465,465,465,465,465,465,465,465,465,78,1673,th,2013-04-30 00:00:00
466,466,466,466,466,466,466,466,466,466,78,1804,he,2013-04-30 00:00:00
467,467,467,467,467,467,467,467,467,467,78,1925,zh-cht,2013-04-30 00:00:00
468,468,468,468,468,468,468,468,468,468,79,885,en,2013-04-30 00:00:00
469,469,469,469,469,469,469,469,469,469,79,1386,ar,2013-04-30 00:00:00
470,470,470,470,470,470,470,470,470,470,79,1552,fr,2013-04-30 00:00:00
471,471,471,471,471,471,471,471,471,471,79,1675,th,2013-04-30 00:00:00
472,472,472,472,472,472,472,472,472,472,79,1806,he,2013-04-30 00:00:00
473,473,473,473,473,473,473,473,473,473,79,1927,zh-cht,2013-04-30 00:00:00
474,474,474,474,474,474,474,474,474,474,80,886,en,2013-04-30 00:00:00
475,475,475,475,475,475,475,475,475,475,80,1431,ar,2013-04-30 00:00:00
476,476,476,476,476,476,476,476,476,476,80,1553,fr,2013-04-30 00:00:00
477,477,477,477,477,477,477,477,477,477,80,1676,th,2013-04-30 00:00:00
478,478,478,478,478,478,478,478,478,478,80,1807,he,2013-04-30 00:00:00
479,479,479,479,479,479,479,479,479,479,80,1928,zh-cht,2013-04-30 00:00:00
480,480,480,480,480,480,480,480,480,480,81,887,en,2013-04-30 00:00:00
481,481,481,481,481,481,481,481,481,481,81,1432,ar,2013-04-30 00:00:00
482,482,482,482,482,482,482,482,482,482,81,1554,fr,2013-04-30 00:00:00
483,483,483,483,483,483,483,483,483,483,81,1677,th,2013-04-30 00:00:00
484,484,484,484,484,484,484,484,484,484,81,1808,he,2013-04-30 00:00:00
485,485,485,485,485,485,485,485,485,485,81,1929,zh-cht,2013-04-30 00:00:00
486,486,486,486,486,486,486,486,486,486,82,888,en,2013-04-30 00:00:00
487,487,487,487,487,487,487,487,487,487,82,1433,ar,2013-04-30 00:00:00
488,488,488,488,488,488,488,488,488,488,82,1555,fr,2013-04-30 00:00:00
489,489,489,489,489,489,489,489,489,489,82,1678,th,2013-04-30 00:00:00
490,490,490,490,490,490,490,490,490,490,82,1809,he,2013-04-30 00:00:00
491,491,491,491,491,491,491,491,491,491,82,1930,zh-cht,2013-04-30 00:00:00
492,492,492,492,492,492,492,492,492,492,83,889,en,2013-04-30 00:00:00
493,493,493,493,493,493,493,493,493,493,83,1434,ar,2013-04-30 00:00:00
494,494,494,494,494,494,494,494,494,494,83,1556,fr,2013-04-30 00:00:00
495,495,495,495,495,495,495,495,495,495,83,1679,th,2013-04-30 00:00:00
496,496,496,496,496,496,496,496,496,496,83,1810,he,2013-04-30 00:00:00
497,497,497,497,497,497,497,497,497,497,83,1931,zh-cht,2013-04-30 00:00:00
498,498,498,498,498,498,498,498,498,498,84,890,en,2013-04-30 00:00:00
499,499,499,499,499,499,499,499,499,499,84,1435,ar,2013-04-30 00:00:00
500,500,500,500,500,500,500,500,500,500,84,1557,fr,2013-04-30 00:00:00
501,501,501,501,501,501,501,501,501,501,84,1680,th,2013-04-30 00:00:00
502,502,502,502,502,502,502,502,502,502,84,1811,he,2013-04-30 00:00:00
503,503,503,503,503,503,503,503,503,503,84,1932,zh-cht,2013-04-30 00:00:00
504,504,504,504,504,504,504,504,504,504,85,903,en,2013-04-30 00:00:00
505,505,505,505,505,505,505,505,505,505,85,1439,ar,2013-04-30 00:00:00
506,506,506,506,506,506,506,506,506,506,85,1561,fr,2013-04-30 00:00:00
507,507,507,507,507,507,507,507,507,507,85,1684,th,2013-04-30 00:00:00
508,508,508,508,508,508,508,508,508,508,85,1815,he,2013-04-30 00:00:00
509,509,509,509,509,509,509,509,509,509,85,1936,zh-cht,2013-04-30 00:00:00
510,510,510,510,510,510,510,510,510,510,86,904,en,2013-04-30 00:00:00
511,511,511,511,511,511,511,511,511,511,86,1440,ar,2013-04-30 00:00:00
512,512,512,512,512,512,512,512,512,512,86,1562,fr,2013-04-30 00:00:00
513,513,513,513,513,513,513,513,513,513,86,1685,th,2013-04-30 00:00:00
514,514,514,514,514,514,514,514,514,514,86,1816,he,2013-04-30 00:00:00
515,515,515,515,515,515,515,515,515,515,86,1937,zh-cht,2013-04-30 00:00:00
516,516,516,516,516,516,516,516,516,516,87,905,en,2013-04-30 00:00:00
517,517,517,517,517,517,517,517,517,517,87,1441,ar,2013-04-30 00:00:00
518,518,518,518,518,518,518,518,518,518,87,1563,fr,2013-04-30 00:00:00
519,519,519,519,519,519,519,519,519,519,87,1686,th,2013-04-30 00:00:00
520,520,520,520,520,520,520,520,520,520,87,1817,he,2013-04-30 00:00:00
521,521,521,521,521,521,521,521,521,521,87,1938,zh-cht,2013-04-30 00:00:00
522,522,522,522,522,522,522,522,522,522,88,906,en,2013-04-30 00:00:00
523,523,523,523,523,523,523,523,523,523,88,1442,ar,2013-04-30 00:00:00
524,524,524,524,524,524,524,524,524,524,88,1564,fr,2013-04-30 00:00:00
525,525,525,525,525,525,525,525,525,525,88,1687,th,2013-04-30 00:00:00
526,526,526,526,526,526,526,526,526,526,88,1818,he,2013-04-30 00:00:00
527,527,527,527,527,527,527,527,527,527,88,1939,zh-cht,2013-04-30 00:00:00
528,528,528,528,528,528,528,528,528,528,89,907,en,2013-04-30 00:00:00
529,529,529,529,529,529,529,529,529,529,89,1443,ar,2013-04-30 00:00:00
530,530,530,530,530,530,530,530,530,530,89,1565,fr,2013-04-30 00:00:00
531,531,531,531,531,531,531,531,531,531,89,1688,th,2013-04-30 00:00:00
532,532,532,532,532,532,532,532,532,532,89,1819,he,2013-04-30 00:00:00
533,533,533,533,533,533,533,533,533,533,89,1940,zh-cht,2013-04-30 00:00:00
534,534,534,534,534,534,534,534,534,534,90,908,en,2013-04-30 00:00:00
535,535,535,535,535,535,535,535,535,535,90,1444,ar,2013-04-30 00:00:00
536,536,536,536,536,536,536,536,536,536,90,1566,fr,2013-04-30 00:00:00
537,537,537,537,537,537,537,537,537,537,90,1689,th,2013-04-30 00:00:00
538,538,538,538,538,538,538,538,538,538,90,1820,he,2013-04-30 00:00:00
539,539,539,539,539,539,539,539,539,539,90,1941,zh-cht,2013-04-30 00:00:00
540,540,540,540,540,540,540,540,540,540,91,909,en,2013-04-30 00:00:00
541,541,541,541,541,541,541,541,541,541,91,1445,ar,2013-04-30 00:00:00
542,542,542,542,542,542,542,542,542,542,91,1567,fr,2013-04-30 00:00:00
543,543,543,543,543,543,543,543,543,543,91,1690,th,2013-04-30 00:00:00
544,544,544,544,544,544,544,544,544,544,91,1821,he,2013-04-30 00:00:00
545,545,545,545,545,545,545,545,545,545,91,1942,zh-cht,2013-04-30 00:00:00
546,546,546,546,546,546,546,546,546,546,92,912,en,2013-04-30 00:00:00
547,547,547,547,547,547,547,547,547,547,92,1446,ar,2013-04-30 00:00:00
548,548,548,548,548,548,548,548,548,548,92,1568,fr,2013-04-30 00:00:00
549,549,549,549,549,549,549,549,549,549,92,1691,th,2013-04-30 00:00:00
550,550,550,550,550,550,550,550,550,550,92,1822,he,2013-04-30 00:00:00
551,551,551,551,551,551,551,551,551,551,92,1943,zh-cht,2013-04-30 00:00:00
552,552,552,552,552,552,552,552,552,552,93,913,en,2013-04-30 00:00:00
553,553,553,553,553,553,553,553,553,553,93,1447,ar,2013-04-30 00:00:00
554,554,554,554,554,554,554,554,554,554,93,1569,fr,2013-04-30 00:00:00
555,555,555,555,555,555,555,555,555,555,93,1692,th,2013-04-30 00:00:00
556,556,556,556,556,556,556,556,556,556,93,1823,he,2013-04-30 00:00:00
557,557,557,557,557,557,557,557,557,557,93,1944,zh-cht,2013-04-30 00:00:00
558,558,558,558,558,558,558,558,558,558,94,914,en,2013-04-30 00:00:00
559,559,559,559,559,559,559,559,559,559,94,1448,ar,2013-04-30 00:00:00
560,560,560,560,560,560,560,560,560,560,94,1570,fr,2013-04-30 00:00:00
561,561,561,561,561,561,561,561,561,561,94,1693,th,2013-04-30 00:00:00
562,562,562,562,562,562,562,562,562,562,94,1824,he,2013-04-30 00:00:00
563,563,563,563,563,563,563,563,563,563,94,1945,zh-cht,2013-04-30 00:00:00
564,564,564,564,564,564,564,564,564,564,95,3,en,2013-04-30 00:00:00
565,565,565,565,565,565,565,565,565,565,95,1360,ar,2013-04-30 00:00:00
566,566,566,566,566,566,566,566,566,566,95,1484,fr,2013-04-30 00:00:00
567,567,567,567,567,567,567,567,567,567,95,1606,th,2013-04-30 00:00:00
568,568,568,568,568,568,568,568,568,568,95,1728,he,2013-04-30 00:00:00
569,569,569,569,569,569,569,569,569,569,95,1855,zh-cht,2013-04-30 00:00:00
570,570,570,570,570,570,570,570,570,570,96,4,en,2013-04-30 00:00:00
571,571,571,571,571,571,571,571,571,571,96,1361,ar,2013-04-30 00:00:00
572,572,572,572,572,572,572,572,572,572,96,1485,fr,2013-04-30 00:00:00
573,573,573,573,573,573,573,573,573,573,96,1607,th,2013-04-30 00:00:00
574,574,574,574,574,574,574,574,574,574,96,1729,he,2013-04-30 00:00:00
575,575,575,575,575,575,575,575,575,575,96,1856,zh-cht,2013-04-30 00:00:00
576,576,576,576,576,576,576,576,576,576,97,5,en,2013-04-30 00:00:00
577,577,577,577,577,577,577,577,577,577,97,1362,ar,2013-04-30 00:00:00
578,578,578,578,578,578,578,578,578,578,97,1486,fr,2013-04-30 00:00:00
579,579,579,579,579,579,579,579,579,579,97,1608,th,2013-04-30 00:00:00
580,580,580,580,580,580,580,580,580,580,97,1730,he,2013-04-30 00:00:00
581,581,581,581,581,581,581,581,581,581,97,1857,zh-cht,2013-04-30 00:00:00
582,582,582,582,582,582,582,582,582,582,98,613,en,2013-04-30 00:00:00
583,583,583,583,583,583,583,583,583,583,98,1388,ar,2013-04-30 00:00:00
584,584,584,584,584,584,584,584,584,584,98,1505,fr,2013-04-30 00:00:00
585,585,585,585,585,585,585,585,585,585,98,1627,th,2013-04-30 00:00:00
586,586,586,586,586,586,586,586,586,586,98,1750,he,2013-04-30 00:00:00
587,587,587,587,587,587,587,587,587,587,98,1876,zh-cht,2013-04-30 00:00:00
588,588,588,588,588,588,588,588,588,588,99,618,en,2013-04-30 00:00:00
589,589,589,589,589,589,589,589,589,589,99,1389,ar,2013-04-30 00:00:00
590,590,590,590,590,590,590,590,590,590,99,1506,fr,2013-04-30 00:00:00
591,591,591,591,591,591,591,591,591,591,99,1628,th,2013-04-30 00:00:00
592,592,592,592,592,592,592,592,592,592,99,1751,he,2013-04-30 00:00:00
593,593,593,593,593,593,593,593,593,593,99,1877,zh-cht,2013-04-30 00:00:00
594,594,594,594,594,594,594,594,594,594,100,619,en,2013-04-30 00:00:00
595,595,595,595,595,595,595,595,595,595,100,1390,ar,2013-04-30 00:00:00
596,596,596,596,596,596,596,596,596,596,100,1507,fr,2013-04-30 00:00:00
597,597,597,597,597,597,597,597,597,597,100,1629,th,2013-04-30 00:00:00
598,598,598,598,598,598,598,598,598,598,100,1752,he,2013-04-30 00:00:00
599,599,599,599,599,599,599,599,599,599,100,1878,zh-cht,2013-04-30 00:00:00
600,600,600,600,600,600,600,600,600,600,101,620,en,2013-04-30 00:00:00
601,601,601,601,601,601,601,601,601,601,101,1391,ar,2013-04-30 00:00:00
602,602,602,602,602,602,602,602,602,602,101,1508,fr,2013-04-30 00:00:00
603,603,603,603,603,603,603,603,603,603,101,1630,th,2013-04-30 00:00:00
604,604,604,604,604,604,604,604,604,604,101,1753,he,2013-04-30 00:00:00
605,605,605,605,605,605,605,605,605,605,101,1879,zh-cht,2013-04-30 00:00:00
606,606,606,606,606,606,606,606,606,606,102,627,en,2013-04-30 00:00:00
607,607,607,607,607,607,607,607,607,607,102,1392,ar,2013-04-30 00:00:00
608,608,608,608,608,608,608,608,608,608,102,1509,fr,2013-04-30 00:00:00
609,609,609,609,609,609,609,609,609,609,102,1631,th,2013-04-30 00:00:00
610,610,610,610,610,610,610,610,610,610,102,1754,he,2013-04-30 00:00:00
611,611,611,611,611,611,611,611,611,611,102,1880,zh-cht,2013-04-30 00:00:00
612,612,612,612,612,612,612,612,612,612,103,630,en,2013-04-30 00:00:00
613,613,613,613,613,613,613,613,613,613,103,1393,ar,2013-04-30 00:00:00
614,614,614,614,614,614,614,614,614,614,103,1510,fr,2013-04-30 00:00:00
615,615,615,615,615,615,615,615,615,615,103,1632,th,2013-04-30 00:00:00
616,616,616,616,616,616,616,616,616,616,103,1755,he,2013-04-30 00:00:00
617,617,617,617,617,617,617,617,617,617,103,1882,zh-cht,2013-04-30 00:00:00
618,618,618,618,618,618,618,618,618,618,104,633,en,2013-04-30 00:00:00
619,619,619,619,619,619,619,619,619,619,104,1394,ar,2013-04-30 00:00:00
620,620,620,620,620,620,620,620,620,620,104,1511,fr,2013-04-30 00:00:00
621,621,621,621,621,621,621,621,621,621,104,1633,th,2013-04-30 00:00:00
622,622,622,622,622,622,622,622,622,622,104,1756,he,2013-04-30 00:00:00
623,623,623,623,623,623,623,623,623,623,104,1883,zh-cht,2013-04-30 00:00:00
624,624,624,624,624,624,624,624,624,624,105,634,en,2013-04-30 00:00:00
625,625,625,625,625,625,625,625,625,625,105,1395,ar,2013-04-30 00:00:00
626,626,626,626,626,626,626,626,626,626,105,1512,fr,2013-04-30 00:00:00
627,627,627,627,627,627,627,627,627,627,105,1634,th,2013-04-30 00:00:00
628,628,628,628,628,628,628,628,628,628,105,1757,he,2013-04-30 00:00:00
629,629,629,629,629,629,629,629,629,629,105,1884,zh-cht,2013-04-30 00:00:00
630,630,630,630,630,630,630,630,630,630,106,635,en,2013-04-30 00:00:00
631,631,631,631,631,631,631,631,631,631,106,1396,ar,2013-04-30 00:00:00
632,632,632,632,632,632,632,632,632,632,106,1513,fr,2013-04-30 00:00:00
633,633,633,633,633,633,633,633,633,633,106,1635,th,2013-04-30 00:00:00
634,634,634,634,634,634,634,634,634,634,106,1758,he,2013-04-30 00:00:00
635,635,635,635,635,635,635,635,635,635,106,1885,zh-cht,2013-04-30 00:00:00
636,636,636,636,636,636,636,636,636,636,107,1213,en,2013-04-30 00:00:00
637,637,637,637,637,637,637,637,637,637,107,1479,ar,2013-04-30 00:00:00
638,638,638,638,638,638,638,638,638,638,107,1601,fr,2013-04-30 00:00:00
639,639,639,639,639,639,639,639,639,639,107,1724,th,2013-04-30 00:00:00
640,640,640,640,640,640,640,640,640,640,107,1851,he,2013-04-30 00:00:00
641,641,641,641,641,641,641,641,641,641,107,1977,zh-cht,2013-04-30 00:00:00
642,642,642,642,642,642,642,642,642,642,108,1183,en,2013-04-30 00:00:00
643,643,643,643,643,643,643,643,643,643,108,1454,ar,2013-04-30 00:00:00
644,644,644,644,644,644,644,644,644,644,108,1576,fr,2013-04-30 00:00:00
645,645,645,645,645,645,645,645,645,645,108,1699,th,2013-04-30 00:00:00
646,646,646,646,646,646,646,646,646,646,108,1763,he,2013-04-30 00:00:00
647,647,647,647,647,647,647,647,647,647,108,1951,zh-cht,2013-04-30 00:00:00
648,648,648,648,648,648,648,648,648,648,109,1202,en,2013-04-30 00:00:00
649,649,649,649,649,649,649,649,649,649,109,1470,ar,2013-04-30 00:00:00
650,650,650,650,650,650,650,650,650,650,109,1592,fr,2013-04-30 00:00:00
651,651,651,651,651,651,651,651,651,651,109,1715,th,2013-04-30 00:00:00
652,652,652,652,652,652,652,652,652,652,109,1841,he,2013-04-30 00:00:00
653,653,653,653,653,653,653,653,653,653,109,1968,zh-cht,2013-04-30 00:00:00
654,654,654,654,654,654,654,654,654,654,110,1203,en,2013-04-30 00:00:00
655,655,655,655,655,655,655,655,655,655,110,1471,ar,2013-04-30 00:00:00
656,656,656,656,656,656,656,656,656,656,110,1593,fr,2013-04-30 00:00:00
657,657,657,657,657,657,657,657,657,657,110,1716,th,2013-04-30 00:00:00
658,658,658,658,658,658,658,658,658,658,110,1842,he,2013-04-30 00:00:00
659,659,659,659,659,659,659,659,659,659,110,1969,zh-cht,2013-04-30 00:00:00
660,660,660,660,660,660,660,660,660,660,111,1186,en,2013-04-30 00:00:00
661,661,661,661,661,661,661,661,661,661,111,1456,ar,2013-04-30 00:00:00
662,662,662,662,662,662,662,662,662,662,111,1578,fr,2013-04-30 00:00:00
663,663,663,663,663,663,663,663,663,663,111,1701,th,2013-04-30 00:00:00
664,664,664,664,664,664,664,664,664,664,111,1765,he,2013-04-30 00:00:00
665,665,665,665,665,665,665,665,665,665,111,1953,zh-cht,2013-04-30 00:00:00
666,666,666,666,666,666,666,666,666,666,112,1209,en,2013-04-30 00:00:00
667,667,667,667,667,667,667,667,667,667,112,1475,ar,2013-04-30 00:00:00
668,668,668,668,668,668,668,668,668,668,112,1597,fr,2013-04-30 00:00:00
669,669,669,669,669,669,669,669,669,669,112,1720,th,2013-04-30 00:00:00
670,670,670,670,670,670,670,670,670,670,112,1846,he,2013-04-30 00:00:00
671,671,671,671,671,671,671,671,671,671,112,1973,zh-cht,2013-04-30 00:00:00
672,672,672,672,672,672,672,672,672,672,113,1185,en,2013-04-30 00:00:00
673,673,673,673,673,673,673,673,673,673,113,1455,ar,2013-04-30 00:00:00
674,674,674,674,674,674,674,674,674,674,113,1577,fr,2013-04-30 00:00:00
675,675,675,675,675,675,675,675,675,675,113,1700,th,2013-04-30 00:00:00
676,676,676,676,676,676,676,676,676,676,113,1764,he,2013-04-30 00:00:00
677,677,677,677,677,677,677,677,677,677,113,1952,zh-cht,2013-04-30 00:00:00
678,678,678,678,678,678,678,678,678,678,114,1197,en,2013-04-30 00:00:00
679,679,679,679,679,679,679,679,679,679,114,1466,ar,2013-04-30 00:00:00
680,680,680,680,680,680,680,680,680,680,114,1588,fr,2013-04-30 00:00:00
681,681,681,681,681,681,681,681,681,681,114,1711,th,2013-04-30 00:00:00
682,682,682,682,682,682,682,682,682,682,114,1837,he,2013-04-30 00:00:00
683,683,683,683,683,683,683,683,683,683,114,1964,zh-cht,2013-04-30 00:00:00
684,684,684,684,684,684,684,684,684,684,115,1216,en,2013-04-30 00:00:00
685,685,685,685,685,685,685,685,685,685,115,1482,ar,2013-04-30 00:00:00
686,686,686,686,686,686,686,686,686,686,115,1604,fr,2013-04-30 00:00:00
687,687,687,687,687,687,687,687,687,687,115,1727,th,2013-04-30 00:00:00
688,688,688,688,688,688,688,688,688,688,115,1854,he,2013-04-30 00:00:00
689,689,689,689,689,689,689,689,689,689,115,1980,zh-cht,2013-04-30 00:00:00
690,690,690,690,690,690,690,690,690,690,116,1191,en,2013-04-30 00:00:00
691,691,691,691,691,691,691,691,691,691,116,1460,ar,2013-04-30 00:00:00
692,692,692,692,692,692,692,692,692,692,116,1582,fr,2013-04-30 00:00:00
693,693,693,693,693,693,693,693,693,693,116,1705,th,2013-04-30 00:00:00
694,694,694,694,694,694,694,694,694,694,116,1831,he,2013-04-30 00:00:00
695,695,695,695,695,695,695,695,695,695,116,1957,zh-cht,2013-04-30 00:00:00
696,696,696,696,696,696,696,696,696,696,117,1206,en,2013-04-30 00:00:00
697,697,697,697,697,697,697,697,697,697,117,1473,ar,2013-04-30 00:00:00
698,698,698,698,698,698,698,698,698,698,117,1595,fr,2013-04-30 00:00:00
699,699,699,699,699,699,699,699,699,699,117,1718,th,2013-04-30 00:00:00
700,700,700,700,700,700,700,700,700,700,117,1844,he,2013-04-30 00:00:00
701,701,701,701,701,701,701,701,701,701,117,1971,zh-cht,2013-04-30 00:00:00
702,702,702,702,702,702,702,702,702,702,118,1187,en,2013-04-30 00:00:00
703,703,703,703,703,703,703,703,703,703,118,1457,ar,2013-04-30 00:00:00
704,704,704,704,704,704,704,704,704,704,118,1579,fr,2013-04-30 00:00:00
705,705,705,705,705,705,705,705,705,705,118,1702,th,2013-04-30 00:00:00
706,706,706,706,706,706,706,706,706,706,118,1766,he,2013-04-30 00:00:00
707,707,707,707,707,707,707,707,707,707,118,1954,zh-cht,2013-04-30 00:00:00
708,708,708,708,708,708,708,708,708,708,119,1215,en,2013-04-30 00:00:00
709,709,709,709,709,709,709,709,709,709,119,1481,ar,2013-04-30 00:00:00
710,710,710,710,710,710,710,710,710,710,119,1603,fr,2013-04-30 00:00:00
711,711,711,711,711,711,711,711,711,711,119,1726,th,2013-04-30 00:00:00
712,712,712,712,712,712,712,712,712,712,119,1853,he,2013-04-30 00:00:00
713,713,713,713,713,713,713,713,713,713,119,1979,zh-cht,2013-04-30 00:00:00
714,714,714,714,714,714,714,714,714,714,120,1193,en,2013-04-30 00:00:00
715,715,715,715,715,715,715,715,715,715,120,1462,ar,2013-04-30 00:00:00
716,716,716,716,716,716,716,716,716,716,120,1584,fr,2013-04-30 00:00:00
717,717,717,717,717,717,717,717,717,717,120,1707,th,2013-04-30 00:00:00
718,718,718,718,718,718,718,718,718,718,120,1833,he,2013-04-30 00:00:00
719,719,719,719,719,719,719,719,719,719,120,1959,zh-cht,2013-04-30 00:00:00
720,720,720,720,720,720,720,720,720,720,121,1188,en,2013-04-30 00:00:00
721,721,721,721,721,721,721,721,721,721,121,1458,ar,2013-04-30 00:00:00
722,722,722,722,722,722,722,722,722,722,121,1580,fr,2013-04-30 00:00:00
723,723,723,723,723,723,723,723,723,723,121,1703,th,2013-04-30 00:00:00
724,724,724,724,724,724,724,724,724,724,121,1767,he,2013-04-30 00:00:00
725,725,725,725,725,725,725,725,725,725,121,1955,zh-cht,2013-04-30 00:00:00
726,726,726,726,726,726,726,726,726,726,122,1201,en,2013-04-30 00:00:00
727,727,727,727,727,727,727,727,727,727,122,1469,ar,2013-04-30 00:00:00
728,728,728,728,728,728,728,728,728,728,122,1591,fr,2013-04-30 00:00:00
729,729,729,729,729,729,729,729,729,729,122,1714,th,2013-04-30 00:00:00
730,730,730,730,730,730,730,730,730,730,122,1840,he,2013-04-30 00:00:00
731,731,731,731,731,731,731,731,731,731,122,1967,zh-cht,2013-04-30 00:00:00
732,732,732,732,732,732,732,732,732,732,123,1981,en,2013-04-30 00:00:00
733,733,733,733,733,733,733,733,733,733,123,1982,ar,2013-04-30 00:00:00
734,734,734,734,734,734,734,734,734,734,123,1983,fr,2013-04-30 00:00:00
735,735,735,735,735,735,735,735,735,735,123,1984,th,2013-04-30 00:00:00
736,736,736,736,736,736,736,736,736,736,123,1985,he,2013-04-30 00:00:00
737,737,737,737,737,737,737,737,737,737,123,1986,zh-cht,2013-04-30 00:00:00
738,738,738,738,738,738,738,738,738,738,124,1987,en,2013-04-30 00:00:00
739,739,739,739,739,739,739,739,739,739,124,1988,ar,2013-04-30 00:00:00
740,740,740,740,740,740,740,740,740,740,124,1989,fr,2013-04-30 00:00:00
741,741,741,741,741,741,741,741,741,741,124,1990,th,2013-04-30 00:00:00
742,742,742,742,742,742,742,742,742,742,124,1991,he,2013-04-30 00:00:00
743,743,743,743,743,743,743,743,743,743,124,1992,zh-cht,2013-04-30 00:00:00
744,744,744,744,744,744,744,744,744,744,125,1993,en,2013-04-30 00:00:00
745,745,745,745,745,745,745,745,745,745,125,1994,ar,2013-04-30 00:00:00
746,746,746,746,746,746,746,746,746,746,125,1995,fr,2013-04-30 00:00:00
747,747,747,747,747,747,747,747,747,747,125,1996,th,2013-04-30 00:00:00
748,748,748,748,748,748,748,748,748,748,125,1997,he,2013-04-30 00:00:00
749,749,749,749,749,749,749,749,749,749,125,1998,zh-cht,2013-04-30 00:00:00
750,750,750,750,750,750,750,750,750,750,126,1999,en,2013-04-30 00:00:00
751,751,751,751,751,751,751,751,751,751,126,2000,ar,2013-04-30 00:00:00
752,752,752,752,752,752,752,752,752,752,126,2001,fr,2013-04-30 00:00:00
753,753,753,753,753,753,753,753,753,753,126,2002,th,2013-04-30 00:00:00
754,754,754,754,754,754,754,754,754,754,126,2003,he,2013-04-30 00:00:00
755,755,755,755,755,755,755,755,755,755,126,2004,zh-cht,2013-04-30 00:00:00
756,756,756,756,756,756,756,756,756,756,127,2005,en,2013-04-30 00:00:00
757,757,757,757,757,757,757,757,757,757,127,2006,ar,2013-04-30 00:00:00
758,758,758,758,758,758,758,758,758,758,127,2007,fr,2013-04-30 00:00:00
759,759,759,759,759,759,759,759,759,759,127,2008,th,2013-04-30 00:00:00
760,760,760,760,760,760,760,760,760,760,127,2009,he,2013-04-30 00:00:00
761,761,761,761,761,761,761,761,761,761,127,2010,zh-cht,2013-04-30 00:00:00
